Username,@ Handle,Followers
,,
korea_dancee,dancing,6M
dancingsfinks,ğŸŒ” SFINKS ğŸŒ–,5.2M
officialdwts,Dancing with the Stars #DWTS,30K
hoangdan1995,Dancing Â· 30K Followers,1.2M
rezdancing,Rezdar Â· 1.2M Followers,2.4M
rynielpineda,DancingsecurityguardğŸ‘¨â€âœˆï¸ Â· 2.4M Followers,706.5K
phoebe_the_dancing_dog,Phoebe and Andrea Â· 706.5K Followers,44.6K
dancingtutorials10001,Dancing Â· 44.6K Followers,1.2M
dancingbikerguy,Self_build Â· 1.2M Followers,240.3K
dancingkites,Tteokbokki â™¡ Â· 240.3K Followers,103.7K
thstdance,dancing Â· 103.7K Followers,735.5K
onlyonedancingnurse,Onlyonedancingnurse Â· 735.5K Followers,530.9K
agrodancing,Agro Dancing Â· 530.9K Followers,5.1M
rickytana0,Rickytana(dancing machine) Â· 5.1M Followers,568.8K
dancing_mamita,ğŸ’«ğŸ‡ªğŸ‡ºMAMITAğŸ‡«ğŸ‡·ğŸ’« Â· 568.8K Followers,74.5K
mrswen5,dancing Â· 74.5K Followers,356.2K
theedancingmagician,Theedancingmagician Â· 356.2K Followers,24.7K
firechild9,Sarah Narendran Â· 24.7K Followers,454.5K
dondancing,@dondancing Â· 454.5K Followers,1.2M
urbancowboylinedancing,Urban Cowboy Line Dancing Â· 1.2M Followers,6.1M
dancersona,ëŒ„ì„œì†Œë‚˜ Â· 6.1M Followers,4457
...dancing,Dancing Â· 4457 Followers,11K
kokoonsumption,Dancing Â· 11K Followers,5747
dancingwithsister,Dancing Â· 5747 Followers,72
hannahewq123love,Hannah E Â· 72 Followers,1454
huangeftnxy,Dancing with music Â· 1454 Followers,11
toast_sky4.0,dancing Â· 11 Followers,34
dancingboy48,dancing Â· 34 Followers,221
preppy....xxxxxx,dancing Â· 221 Followers,1908
dancing,dancing Â· 1908 Followers,6.5M
danceglitch,DanceMEDIANğŸ¤´ Â· 6.5M Followers,38.2M
tuzelitydance,tuzelity Â· 38.2M Followers,1.2M
drixpylyrics,â­ï¸ Â· 1.2M Followers,1.4M
ganii03_,â™«â™¡ Â· 1.4M Followers,3291
jahairacp,Jahaâˆ™â€¤âˆ˜âˆ¿â‹†â™¡ Â· 3291 Followers,7.3M
ghettokids_tfug256,Triplets Ghetto Kids Â· 7.3M Followers,184K
fingersdance6,Fingers dancing Â· 184K Followers,563.7K
gavi1002l7k,DancingLove Â· 563.7K Followers,240.4K
dancingwiththestars.show,Dancing with the Stars Â· 240.4K Followers,1.5M
jomakpldra,Jomak Peladra Â· 1.5M Followers,1.2M
sevendancingsins,Sin7 Â· 1.2M Followers,748.8K
that_dancing_bird,ğŸ¤  Â· 748.8K Followers,506.4K
shouji001,Break dancing uncle Â· 506.4K Followers,757.5K
dadi_dadi123,Dancing dadi Â· 757.5K Followers,141.1K
dancingbora,ëŒ„ì‹±ë³´ë¼ Â· 141.1K Followers,29.8K
july_flow,Dancing Â· 29.8K Followers,15.3K
dancinginmyroom,Dancing Â· 15.3K Followers,5721
thedancingyou,Dancing Â· 5721 Followers,21.3K
danceingguys65,dancing Â· 21.3K Followers,7632
dancinglll,Dancing Â· 7632 Followers,30.8K
dancingstartania,Dancing star Tania Â· 30.8K Followers,639.4K
dancingmichael,Michael F Â· 639.4K Followers,22.7K
dankdancing,Dank Dancing Â· 22.7K Followers,5719
roldansasing,Dancing Â· 5719 Followers,854.9K
dancinggramps,dangit granpa Â· 854.9K Followers,15.9K
adoptme._.queen05,Dancing Â· 15.9K Followers,36.1K
promise_3610,Promise â¤ï¸ Â· 36.1K Followers,60.8K
the_dancing_baker,Dancing _Baker Â· 60.8K Followers,7121
agencyecommerce,dancing Â· 7121 Followers,80.2K
emilymeganmays,The Dancing Baker Â· 80.2K Followers,1173
dancing_o,Dancing Â· 1173 Followers,5355
sofar_danc1,Dancing Â· 5355 Followers,1315
dancing..and..tutorialsx,Dancing Â· 1315 Followers,1273
dancing10,dancing Â· 1273 Followers,3704
melissa2_tips,Dancing Â· 3704 Followers,185.4K
chris.kennie_,Dancing Chris Â· 185.4K Followers,555
dancetntt,dancing Â· 555 Followers,2925
dancing75757070,dancing Â· 2925 Followers,488.6K
oletile_dancingmasaai1,Ole'tile Â· 488.6K Followers,3256
roblox..dancer.x,Dancing Â· 3256 Followers,421
dancing.with.filters_,dancing Â· 421 Followers,1556
dancing..emojii1,Dancing Â· 1556 Followers,2528
dancingintheair.2021,DANCING Â· 2528 Followers,2857
dancingxoxolove,Dancing Â· 2857 Followers,1113
dancing.all.night,Dancing Â· 1113 Followers,1656
dancingqueensx_0,Dancing Â· 1656 Followers,20.3K
dancing___king,æ¨‚èˆLarry Â· 20.3K Followers,1940
dancing12132,dancing Â· 1940 Followers,1287
dancing0420,dancing Â· 1287 Followers,957
dancing6879,ğ˜¿ğ™–ğ™£ğ™˜ğ™ğ™£ğ™œ Â· 957 Followers,70.5K
kajaljsb,kajal Â· 70.5K Followers,2182
dancing.trio06,Dancing Â· 2182 Followers,956
petmemesfunny,dancing Â· 956 Followers,1016
_dancingvideos_,Dancing Â· 1016 Followers,352
da_n_ce_ing,dancing Â· 352 Followers,428
anime_dance73,dancing Â· 428 Followers,89.8K
chilepichandu,ğŸ˜ChÃ®Ä¾epÄª ÄŒhanÄu ğŸ˜˜ Â· 89.8K Followers,1104
dancedancedance__,Dancing Â· 1104 Followers,878
queendancer08,Dancing Â· 878 Followers,995
dancingvideo,dancing Â· 995 Followers,4170
ftudancingclub,FTUâ€™s Dancing Club Â· 4170 Followers,3616
maryann.zoe_bellydance,Dancing Â· 3616 Followers,1043
panffh0,Dancing Â· 1043 Followers,3249
the_masked_dancer0120,dancing Â· 3249 Followers,288
manou.dancing,DANCING Â· 288 Followers,597
.dacning,Dancing Â· 597 Followers,12.5K
scottlady,Tracy Â· 12.5K Followers,19.1K
dncwithlove,DNC | CHN dancing club Â· 19.1K Followers,4466
.pink..oddie,~dancing~ Â· 4466 Followers,139
wndzlw,Dancing Â· 139 Followers,196
ddancingwithme,dancing Â· 196 Followers,70.5K
bangladeshtop888,ğŸŒºà¦¬à§‡à§Ÿà¦¾à¦¦à¦¬ğŸŒº à¦¬à¦¾à¦™à¦¾à¦²à¦¿ ğŸŒº Â· 70.5K Followers,1229
saifu041,dancing Â· 1229 Followers,715
dancing3070,dancing Â· 715 Followers,3930
animacosflipa,dancing Â· 3930 Followers,226
tiktok.dancessss35,dancing Â· 226 Followers,693
dancing818,dancing Â· 693 Followers,157
dancing.onthisapp,dancing Â· 157 Followers,222.6K
dancingvideographer254,LarryLensğŸ“¸ Â· 222.6K Followers,224
