Account Name,Account Description,Following,Followers,Likes
level0ps  ,"GamersğŸ®, StreamersğŸ’», CreatorsğŸ‘¨â€ğŸ’»",0,3,203

Post Name,Likes,Comments,Saved,Commentor,Comment
America Loves Oil,0,0,0,,

Post Name,Likes,Comments,Saved,Commentor,Comment
America Loves Oil,0,0,0,,

Post Name,Likes,Comments,Saved,Commentor,Comment
America Loves Oil,1,0,0,,

Post Name,Likes,Comments,Saved,Commentor,Comment
America Loves Oil,2,0,0,,

Post Name,Likes,Comments,Saved,Commentor,Comment
America Loves Oil,1,0,0,,

Post Name,Likes,Comments,Saved,Commentor,Comment
America Loves Oil,1,0,1,,

Post Name,Likes,Comments,Saved,Commentor,Comment
America Loves Oil,1,0,0,,

Post Name,Likes,Comments,Saved,Commentor,Comment
America Loves Oil,2,0,0,,

Post Name,Likes,Comments,Saved,Commentor,Comment
America Loves Oil,2,0,0,,

Post Name,Likes,Comments,Saved,Commentor,Comment
America Loves Oil,20,0,0,,

Post Name,Likes,Comments,Saved,Commentor,Comment
America Loves Oil,17,0,1,,

Post Name,Likes,Comments,Saved,Commentor,Comment
America Loves Oil,20,0,1,,

Post Name,Likes,Comments,Saved,Commentor,Comment
America Loves Oil,16,0,0,,

Post Name,Likes,Comments,Saved,Commentor,Comment
America Loves Oil,8,0,0,,

Post Name,Likes,Comments,Saved,Commentor,Comment
America Loves Oil,51,1,1,,
,,,,despereaux,Whats wrong with tyler1ğŸ’€

Post Name,Likes,Comments,Saved,Commentor,Comment
America Loves Oil,53,0,5,,
